farmer_id,h3_cell,crop,land_area_ha
FRM-00a1b2c3,883c1ea2e3fffff,jute,0.78
FRM-00a1b2c4,883c1ea2e3fffff,jute,1.19
FRM-00a1b2c5,883c1ea2e1fffff,rice,0.85
FRM-00a1b2c6,883c1ea2e7fffff,rice,2.19
FRM-00a1b2c7,883c1ea2ebfffff,jute,0.72
FRM-00a1b2c8,883c1ea285fffff,maize,0.58
FRM-00a1b2c9,883c1ea28dfffff,rice,1.05
FRM-00a1b2ca,883c1ea2a9fffff,jute,2.01
FRM-00a1b2cb,883c1ea05bfffff,jute,1.0
FRM-00a1b2cc,883c1ea281fffff,jute,2.25
FRM-00a1b2cd,883c1ea287fffff,maize,1.05
FRM-00a1b2ce,883c1ea2e1fffff,jute,1.2
FRM-00d1e2f9,883c1ea2e3fffff,rice,2.4
FRM-00d1e2fa,883c1ea2e7fffff,rice,2.25
FRM-00d1e2fb,883c1ea2e1fffff,maize,1.19
FRM-00d1e2fc,883c1ea285fffff,rice,2.89
FRM-00d1e2f1,883c1ea051fffff,maize,0.76
FRM-00d1e2f2,883c1ea053fffff,maize,0.74
FRM-00d1e2f3,883c1ea059fffff,maize,2.01
FRM-00d1e2f4,883c1ea213fffff,rice,2.32
FRM-00d1e2f5,883c1ea217fffff,jute,0.81
FRM-00d1e2f6,883c1ea233fffff,maize,0.7
FRM-00d1e2f7,883c1ea23bfffff,maize,2.57
FRM-00d1e2f8,883c1ea283fffff,jute,2.71
FRM-00ff0001,883c1ea283fffff,maize,1.94
FRM-00ee0000,883c1ea053fffff,rice,2.15
FRM-00ee0001,883c1ea217fffff,rice,2.64
FRM-00ee0002,883c1ea053fffff,maize,1.19
FRM-00ee0003,883c1ea233fffff,rice,1.43
FRM-00ee0004,883c1ea213fffff,jute,1.17
FRM-00ee0005,883c1ea053fffff,jute,2.09
FRM-00ee0006,883c1ea213fffff,rice,1.66
FRM-00ee0007,883c1ea217fffff,jute,2.22
FRM-00ee0008,883c1ea213fffff,jute,1.31
FRM-00ee0009,883c1ea051fffff,rice,2.55
