policy_id,farmer_id,status,sum_insured,start_date,end_date
POL-aa010001,FRM-00a1b2c3,active,50000,2020-06-01,2020-11-30
POL-aa010002,FRM-00a1b2c4,active,50000,2020-06-01,2020-11-30
POL-aa010003,FRM-00a1b2c5,active,50000,2020-06-01,2020-11-30
POL-aa010004,FRM-00a1b2c6,active,50000,2020-06-01,2020-11-30
POL-aa010005,FRM-00a1b2c7,active,50000,2020-06-01,2020-11-30
POL-aa010006,FRM-00a1b2c8,active,50000,2020-06-01,2020-11-30
POL-aa010007,FRM-00a1b2c9,active,50000,2020-06-01,2020-11-30
POL-aa010008,FRM-00a1b2ca,active,50000,2020-06-01,2020-11-30
POL-aa010009,FRM-00a1b2cb,active,50000,2020-06-01,2020-11-30
POL-aa010010,FRM-00a1b2cc,active,50000,2020-06-01,2020-11-30
POL-aa010011,FRM-00a1b2cd,active,50000,2020-06-01,2020-11-30
POL-aa010012,FRM-00a1b2ce,active,50000,2020-06-01,2020-11-30
POL-bb020001,FRM-00d1e2f9,inactive,50000,2020-06-01,2020-11-30
POL-bb020002,FRM-00d1e2fa,inactive,50000,2020-06-01,2020-11-30
POL-bb020003,FRM-00d1e2fb,expired,50000,2020-06-01,2020-06-30
POL-bb020004,FRM-00d1e2fc,expired,50000,2020-06-01,2020-07-15
POL-cc030001,FRM-00d1e2f1,active,50000,2020-06-01,2020-11-30
POL-cc030002,FRM-00d1e2f2,active,50000,2020-06-01,2020-11-30
POL-cc030003,FRM-00d1e2f3,active,50000,2020-06-01,2020-11-30
POL-cc030004,FRM-00d1e2f4,active,50000,2020-06-01,2020-11-30
POL-cc030005,FRM-00d1e2f5,active,50000,2020-06-01,2020-11-30
POL-cc030006,FRM-00d1e2f6,active,50000,2020-06-01,2020-11-30
POL-cc030007,FRM-00d1e2f7,active,50000,2020-06-01,2020-11-30
POL-cc030008,FRM-00d1e2f8,active,50000,2020-06-01,2020-11-30
POL-ee050001,FRM-00a1b2c5,active,75000,2020-06-01,2020-11-30
POL-ff060001,FRM-00ff0001,active,35000,2020-06-01,2020-11-30
POL-dd040000,FRM-00ee0000,active,50000,2020-06-01,2020-11-30
POL-dd040001,FRM-00ee0001,active,50000,2020-06-01,2020-11-30
POL-dd040002,FRM-00ee0002,active,50000,2020-06-01,2020-11-30
POL-dd040003,FRM-00ee0003,active,50000,2020-06-01,2020-11-30
POL-dd040004,FRM-00ee0004,active,50000,2020-06-01,2020-11-30
POL-dd040005,FRM-00ee0005,active,50000,2020-06-01,2020-11-30
POL-dd040006,FRM-00ee0006,active,50000,2020-06-01,2020-11-30
POL-dd040007,FRM-00ee0007,active,50000,2020-06-01,2020-11-30
POL-dd040008,FRM-00ee0008,active,50000,2020-06-01,2020-11-30
POL-dd040009,FRM-00ee0009,active,50000,2020-06-01,2020-11-30
